Branch City,Branch Code,Branch Name,Branch Phone,Branch State,Branch Street,Branch Zip,Document Index (generated),Last Updated
Lakeville,1,Example Bank,1234565276,MN,Bridle Court,55044,1,2018-04-18T16:51:47.000-04:00
TreeCity,999,TEST Bank,1234567890,MM,Night Court,,2,2018-04-18T16:51:47.000-04:00
Huntley,2,Example Bank,1234618993,IL,Washington Street,60142,3,2018-04-18T16:51:47.000-04:00
SouthRichmondHill,3,Example Bank,1234985926,NY,Warren Street,11419,4,2018-04-18T16:51:47.000-04:00
Middleburg,4,Example Bank,1234663064,FL,Cleveland Street,32068,5,2018-04-18T16:51:47.000-04:00
KingOfPrussia,5,Example Bank,1234849701,PA,14th Street,19406,6,2018-04-18T16:51:47.000-04:00
Paterson,7,Example Bank,1234144890,NJ,Jefferson Street,07501,7,2018-04-18T16:51:47.000-04:00
Pittsford,8,Example Bank,1234678272,NY,B Street,14534,8,2018-04-18T16:51:47.000-04:00
Wethersfield,9,Example Bank,1234675219,CT,Jefferson Court,06109,9,2018-04-18T16:51:47.000-04:00
NorthOlmsted,10,Example Bank,1234145047,OH,Cambridge Road,44070,10,2018-04-18T16:51:47.000-04:00
Hillsborough,11,Example Bank,1234366354,NJ,3rd Street West,08844,11,2018-04-18T16:51:47.000-04:00
MadisonHeights,12,Example Bank,1234867175,MI,Mill Road,48071,12,2018-04-18T16:51:47.000-04:00
Oviedo,14,Example Bank,1234938460,FL,Washington Street,32765,13,2018-04-18T16:51:47.000-04:00
Mechanicsburg,15,Example Bank,1234462043,PA,Chestnut Street,17050,14,2018-04-18T16:51:47.000-04:00
Plainview,16,Example Bank,1234857525,NY,Monroe Drive,11803,15,2018-04-18T16:51:47.000-04:00
Paducah,17,Example Bank,1234546360,KY,Railroad Street,42001,16,2018-04-18T16:51:47.000-04:00
Harleysville,18,Example Bank,1234824455,PA,Church Street South,19438,17,2018-04-18T16:51:47.000-04:00
SilverSpring,19,Example Bank,1234484380,MD,King Street,20901,18,2018-04-18T16:51:47.000-04:00
Burnsville,20,Example Bank,1234840138,MN,Canterbury Drive,55337,19,2018-04-18T16:51:47.000-04:00
Tacoma,21,Example Bank,1234362433,WA,2nd Avenue,98444,20,2018-04-18T16:51:47.000-04:00
Carlisle,22,Example Bank,1234922492,PA,Front Street South,17013,21,2018-04-18T16:51:47.000-04:00
Duarte,23,Example Bank,1234460645,CA,Highland Avenue,91010,22,2018-04-18T16:51:47.000-04:00
Redford,24,Example Bank,1234617414,MI,Grove Street,48239,23,2018-04-18T16:51:47.000-04:00
NewBaltimore,25,Example Bank,1234525844,MI,Park Avenue,48047,24,2018-04-18T16:51:47.000-04:00
LakeJackson,26,Example Bank,1234356462,TX,Chestnut Avenue,77566,25,2018-04-18T16:51:47.000-04:00
WinstonSalem,27,Example Bank,1234836200,NC,Pin Oak Drive,27103,26,2018-04-18T16:51:47.000-04:00
Midlothian,28,Example Bank,1234416595,VA,3rd Street West,23112,27,2018-04-18T16:51:47.000-04:00
Glendora,29,Example Bank,1234785605,CA,School Street,91740,28,2018-04-18T16:51:47.000-04:00
SouthLyon,30,Example Bank,1234915717,MI,Shady Lane,48178,29,2018-04-18T16:51:47.000-04:00
Carrollton,31,Example Bank,1234148639,GA,Queen Street,30117,30,2018-04-18T16:51:47.000-04:00
Helena,32,Example Bank,1234302170,MT,Aspen Court,59601,31,2018-04-18T16:51:47.000-04:00
Loganville,35,Example Bank,1234316769,GA,Durham Road,30052,32,2018-04-18T16:51:47.000-04:00
ElDorado,36,Example Bank,1234685988,AR,Spruce Avenue,71730,33,2018-04-18T16:51:47.000-04:00
CapeCoral,37,Example Bank,1234771676,FL,Lawrence Street,33904,34,2018-04-18T16:51:47.000-04:00
Starkville,38,Example Bank,1234810167,MS,7th Street,39759,35,2018-04-18T16:51:47.000-04:00
Grandville,39,Example Bank,1234209297,MI,Devonshire Drive,49418,36,2018-04-18T16:51:47.000-04:00
Jonesboro,40,Example Bank,1234295270,GA,Franklin Avenue,30236,37,2018-04-18T16:51:47.000-04:00
Youngstown,42,Example Bank,1234237878,OH,Elmwood Avenue,44512,38,2018-04-18T16:51:47.000-04:00
Houston,43,Example Bank,1234755992,TX,Ashley Court,77016,39,2018-04-18T16:51:47.000-04:00
Greenville,44,Example Bank,1234736019,NC,12th Street East,27834,40,2018-04-18T16:51:47.000-04:00
Wilmette,45,Example Bank,1234453475,IL,Bayberry Drive,60091,41,2018-04-18T16:51:47.000-04:00
Levittown,46,Example Bank,1234947541,NY,Jones Street,11756,42,2018-04-18T16:51:47.000-04:00
NewBerlin,47,Example Bank,1234873625,WI,Route 10,53151,43,2018-04-18T16:51:47.000-04:00
Bartlett,48,Example Bank,1234105725,IL,Cedar Avenue,60103,44,2018-04-18T16:51:47.000-04:00
Chambersburg,49,Example Bank,1234156589,PA,11th Street,17201,45,2018-04-18T16:51:47.000-04:00
Granger,50,Example Bank,1234115442,IN,Fairway Drive,46530,46,2018-04-18T16:51:47.000-04:00
Lombard,51,Example Bank,1234132382,IL,Route 20,60148,47,2018-04-18T16:51:47.000-04:00
ElPaso,52,Example Bank,1234245465,TX,Fulton Street,79930,48,2018-04-18T16:51:47.000-04:00
Dundalk,53,Example Bank,1234323802,MD,Manor Drive,21222,49,2018-04-18T16:51:47.000-04:00
RedondoBeach,54,Example Bank,1234452537,CA,Oak Lane,90278,50,2018-04-18T16:51:47.000-04:00
Rowlett,56,Example Bank,1234852596,TX,State Street East,75088,51,2018-04-18T16:51:47.000-04:00
Hartsville,57,Example Bank,1234773812,SC,New Street,29550,52,2018-04-18T16:51:47.000-04:00
Rossville,58,Example Bank,1234335491,GA,Hickory Street,30741,53,2018-04-18T16:51:47.000-04:00
Waxhaw,59,Example Bank,1234841134,NC,Country Lane,28173,54,2018-04-18T16:51:47.000-04:00
Richmond,60,Example Bank,1234524034,VA,Front Street,23223,55,2018-04-18T16:51:47.000-04:00
Oxford,63,Example Bank,1234372027,MS,York Street,38655,56,2018-04-18T16:51:47.000-04:00
Syosset,66,Example Bank,1234656568,NY,Winding Way,11791,57,2018-04-18T16:51:47.000-04:00
Baltimore,67,Example Bank,1234432768,MD,Jackson Avenue,21206,58,2018-04-18T16:51:47.000-04:00
Fenton,69,Example Bank,1234670647,MI,Amherst Street,48430,59,2018-04-18T16:51:47.000-04:00
Medford,70,Example Bank,1234982393,MA,Briarwood Court,02155,60,2018-04-18T16:51:47.000-04:00
Stow,72,Example Bank,1234445988,OH,Essex Court,44224,61,2018-04-18T16:51:47.000-04:00
Oconomowoc,73,Example Bank,1234845883,WI,Maple Lane,53066,62,2018-04-18T16:51:47.000-04:00
Dearborn,74,Example Bank,1234273715,MI,Evergreen Drive,48124,63,2018-04-18T16:51:47.000-04:00
Rockaway,75,Example Bank,1234204383,NJ,9th Street,07866,64,2018-04-18T16:51:47.000-04:00
WinterSprings,76,Example Bank,1234513234,FL,8th Avenue,32708,65,2018-04-18T16:51:47.000-04:00
UpperMarlboro,77,Example Bank,1234489272,MD,Grant Avenue,20772,66,2018-04-18T16:51:47.000-04:00
Mundelein,78,Example Bank,1234164452,IL,Heather Court,60060,67,2018-04-18T16:51:47.000-04:00
Bettendorf,79,Example Bank,1234394450,IA,George Street,52722,68,2018-04-18T16:51:47.000-04:00
Enterprise,80,Example Bank,1234228258,AL,Court Street,36330,69,2018-04-18T16:51:47.000-04:00
Simpsonville,81,Example Bank,1234583583,SC,Summer Street,29680,70,2018-04-18T16:51:47.000-04:00
Brookfield,83,Example Bank,1234242554,WI,Creekside Drive,53045,71,2018-04-18T16:51:47.000-04:00
LaCrosse,85,Example Bank,1234785116,WI,Brown Street,54601,72,2018-04-18T16:51:47.000-04:00
BuffaloGrove,89,Example Bank,1234750836,IL,Chapel Street,60089,73,2018-04-18T16:51:47.000-04:00
Chillicothe,90,Example Bank,1234890424,OH,Tanglewood Drive,45601,74,2018-04-18T16:51:47.000-04:00
Davenport,91,Example Bank,1234759319,IA,Lafayette Avenue,52804,75,2018-04-18T16:51:47.000-04:00
Poughkeepsie,93,Example Bank,1234885339,NY,Harrison Street,12601,76,2018-04-18T16:51:47.000-04:00
Apopka,95,Example Bank,1234667289,FL,Madison Street,32703,77,2018-04-18T16:51:47.000-04:00
Seymour,99,Example Bank,1234164581,IN,Bridge Street,47274,78,2018-04-18T16:51:47.000-04:00
Wellington,100,Example Bank,1234809695,FL,New Street,33414,79,2018-04-18T16:51:47.000-04:00
SiouxCity,103,Example Bank,1234483865,IA,Grant Street,51106,80,2018-04-18T16:51:47.000-04:00
Owosso,104,Example Bank,1234909907,MI,Cambridge Court,48867,81,2018-04-18T16:51:47.000-04:00
LongBranch,105,Example Bank,1234723165,NJ,Virginia Avenue,07740,82,2018-04-18T16:51:47.000-04:00
Defiance,107,Example Bank,1234464046,OH,Delaware Avenue,43512,83,2018-04-18T16:51:47.000-04:00
Ames,109,Example Bank,1234474482,IA,Edgewood Drive,50010,84,2018-04-18T16:51:47.000-04:00
Kernersville,111,Example Bank,1234369108,NC,River Street,27284,85,2018-04-18T16:51:47.000-04:00
PalmCity,114,Example Bank,1234172062,FL,Madison Street,34990,86,2018-04-18T16:51:47.000-04:00
MurrellsInlet,115,Example Bank,1234908194,SC,Jefferson Street,29576,87,2018-04-18T16:51:47.000-04:00
Canonsburg,117,Example Bank,1234197777,PA,Route 64,15317,88,2018-04-18T16:51:47.000-04:00
Hanover,118,Example Bank,1234498005,PA,Henry Street,17331,89,2018-04-18T16:51:47.000-04:00
Ashland,119,Example Bank,1234121204,OH,Fulton Street,44805,90,2018-04-18T16:51:47.000-04:00
Oxnard,121,Example Bank,1234368280,CA,Warren Street,93035,91,2018-04-18T16:51:47.000-04:00
DeerfieldBeach,123,Example Bank,1234365113,FL,Willow Avenue,33442,92,2018-04-18T16:51:47.000-04:00
Osseo,124,Example Bank,1234134552,MN,Bay Street,55311,93,2018-04-18T16:51:47.000-04:00
AllisonPark,125,Example Bank,1234699441,PA,Cambridge Court,15101,94,2018-04-18T16:51:47.000-04:00
Bethesda,126,Example Bank,1234723287,MD,Route 10,20814,95,2018-04-18T16:51:47.000-04:00
Valrico,131,Example Bank,1234880523,FL,Orchard Lane,33594,96,2018-04-18T16:51:47.000-04:00
Nanuet,135,Example Bank,1234831678,NY,Canterbury Road,10954,97,2018-04-18T16:51:47.000-04:00
Independence,136,Example Bank,1234601062,KY,Route 11,41051,98,2018-04-18T16:51:47.000-04:00
SanLorenzo,139,Example Bank,1234547241,CA,Jefferson Street,94580,99,2018-04-18T16:51:47.000-04:00
NewPhiladelphia,144,Example Bank,1234636138,OH,Chestnut Avenue,44663,100,2018-04-18T16:51:47.000-04:00
Clermont,145,Example Bank,1234292781,FL,6th Street West,34711,101,2018-04-18T16:51:47.000-04:00
Gettysburg,149,Example Bank,1234507741,PA,Route 27,17325,102,2018-04-18T16:51:47.000-04:00
WestChester,156,Example Bank,1234548652,PA,Adams Street,19380,103,2018-04-18T16:51:47.000-04:00
Natchez,158,Example Bank,1234293585,MS,Chestnut Avenue,39120,104,2018-04-18T16:51:47.000-04:00
GardenCity,160,Example Bank,1234696702,NY,Beechwood Drive,11530,105,2018-04-18T16:51:47.000-04:00
Yakima,164,Example Bank,1234540280,WA,Route 30,98908,106,2018-04-18T16:51:47.000-04:00
Conyers,166,Example Bank,1234935053,GA,Route 41,30012,107,2018-04-18T16:51:47.000-04:00
YubaCity,168,Example Bank,1234317447,CA,Williams Street,95993,108,2018-04-18T16:51:47.000-04:00
Irvington,170,Example Bank,1234419610,NJ,Broadway,07111,109,2018-04-18T16:51:47.000-04:00
Victoria,173,Example Bank,1234337068,TX,Victoria Court,77904,110,2018-04-18T16:51:47.000-04:00
FloralPark,175,Example Bank,1234842967,NY,Garfield Avenue,11001,111,2018-04-18T16:51:47.000-04:00
Baldwin,178,Example Bank,1234612707,NY,8th Street West,11510,112,2018-04-18T16:51:47.000-04:00
NewHaven,180,Example Bank,1234347181,CT,Meadow Street,06511,113,2018-04-18T16:51:47.000-04:00
Quincy,188,Example Bank,1234259065,MA,Lincoln Avenue,02169,114,2018-04-18T16:51:47.000-04:00
Lititz,192,Example Bank,1234937904,PA,Glenwood Drive,17543,115,2018-04-18T16:51:47.000-04:00
Acworth,197,Example Bank,1234914637,GA,Briarwood Drive,30101,116,2018-04-18T16:51:47.000-04:00
